source_row,tweet,original_author,tweet_label,_label_norm,keyword,subjects_scored
2803068,"Faith In News: Is Doubt A Protection Against Fake?

Join the discussion with @iamnarendranath @MrinalPande1 @ashutosh83B @free_thinker 
At #RateTheDebateConference on Tuesday, Jan 12, 2021. 1 pm-2pm. 

To Register:
DM to @RateTVDebate; or,
Register at https://t.co/jNHi7SkuTD https://t.co/5hJd9jx4S9",KotaNeelima,Pro OPP,pro opposition,ratetvdebate,"[{'text': 'debate', 'score': 0.4318}, {'text': 'ratetvdebate', 'score': 0.3459}, {'text': 'mrinalpande1', 'score': 0.0022}]"
2448380,"The Hathras Coverage: Darkness and Hope.

Join the discussion with @rohini_sgh @brajeshlive @hisunil @PragyaLive 
At #RateTheDebateConference on Tuesday, Jan 12, 2021. 3 pm-4pm. 

To Register:
DM to @RateTVDebate; or,
Register at https://t.co/jNHi7S2U25
#Hathras #BadaunHorror https://t.co/1XMArZHrNS",KotaNeelima,Pro OPP,pro opposition,ratetvdebate,"[{'text': 'hathras', 'score': 0.4629}, {'text': 'conference', 'score': 0.4587}, {'text': 'ratetvdebate', 'score': 0.3786}]"
563689,"India wants to know? 
Yes, India will know!

Arnab Goswami. His Conduct. His Debates. 

That‚Äôs next on #RateTheDebate 4th Report Card. Coming on September 19, 2020. @RateTVDebate #RateTheAnchor https://t.co/gd0kw5wVAe",KotaNeelima,Pro OPP,pro opposition,ratetvdebate,"[{'text': 'india', 'score': 0.4335}, {'text': 'ratetvdebate', 'score': 0.4021}, {'text': 'debates', 'score': 0.3118}]"
2070461,"Prime Time on Taliban/Afghanistan. How about Price Rise, Unemployment, Crimes Against Women? Don‚Äôt issues of TV audience matter to TV channels?

About 30,000 seconds, 11 channels‚Äî #PrimeTimeTracker @RateTVDebate 
Institute of Perception Studies
https://t.co/hrz28ONI2W https://t.co/0tCbvBK7aJ",KotaNeelima,Pro OPP,pro opposition,ratetvdebate,"[{'text': 'taliban', 'score': 0.5103}, {'text': 'ratetvdebate', 'score': 0.4602}, {'text': 'women', 'score': 0.1612}]"
571920,Yes. Diversion has become the hallmark of our television media. I used to love watching your shows for the relevance of the topics. #RateTheDebate @RateTVDebate https://t.co/ht9nelHLWe,KotaNeelima,Pro OPP,pro opposition,ratetvdebate,"[{'text': 'television', 'score': 0.5294}, {'text': 'debate', 'score': 0.3473}, {'text': 'rate', 'score': 0.2044}]"
3159185,"Cartoons are a powerful voice of public opinion.

A glimpse at the journey of cartoons over the decades. #RKLakshman @CartoonistSan @MANJULtoons @satishacharya 

Compilation by Institute of Perception Studies. https://t.co/IJQ266nUyX
@IPSDelhi @RateTVDebate #cartoons https://t.co/sLA5SMs3Wy",KotaNeelima,Pro OPP,pro opposition,ratetvdebate,"[{'text': 'cartoons', 'score': 0.7378}, {'text': 'satishacharya', 'score': 0.2641}, {'text': 'ratetvdebate', 'score': 0.2516}]"
5376182,"Too little, too late. Guidelines to BJP spokespersons now, when for years they pushed communal agenda on Prime Time TV debates.

üëáüèºA snapshot of @RateTVDebate research from 2020-2022. For more RTD Prime Time Trackers, see https://t.co/2iLlZl78Sf https://t.co/EEJmO7EkuL",KotaNeelima,Pro OPP,pro opposition,ratetvdebate,"[{'text': 'ratetvdebate', 'score': 0.5325}, {'text': 'debates', 'score': 0.3263}, {'text': 'snapshot', 'score': 0.1921}]"
2194114,"How do top TV Anchors set the agenda for #AssemblyElections2021?

@RajatSharmaLive Anchor Language Analysis #ALA findings (in sample): 

Most used words:
‚ñ™Ô∏èHindu
‚ñ™Ô∏èMuslim
‚ñ™Ô∏èGotra
‚ñ™Ô∏èNandigram
‚ñ™Ô∏èJai Shri Ram

No coverage:
‚ñ™Ô∏èEconomic Distress of Voters

@RateTVDebate Report Cardüëáüèº https://t.co/YFHT4cnmAu",KotaNeelima,Pro OPP,pro opposition,ratetvdebate,"[{'text': 'elections', 'score': 0.5191}, {'text': 'anchor', 'score': 0.2639}, {'text': 'hindu', 'score': 0.2165}]"
6819248,"That thin red lineüëáüèº you can barely see is time spent on #LPGPriceHike in Prime Time TV debates!

@RateTVDebate Analysis:
‚ñ™Ô∏è11 channels
‚ñ™Ô∏èOver 26,000 seconds

Findings:
‚ñ™Ô∏è65% communal issues
‚ñ™Ô∏è0.16% LPG price hike

#PriceRise #PrimeTimeTrackers
Link: https://t.co/bSOAe3OLf4 https://t.co/orjVb7H8pZ",KotaNeelima,Pro OPP,pro opposition,ratetvdebate,"[{'text': 'ratetvdebate', 'score': 0.6317}, {'text': 'thin', 'score': 0.2425}, {'text': 'red', 'score': 0.1615}]"
1335517,I know it‚Äôs not Friday but any day is a great day to follow @RateTVDebate for excellent and objective analysis on what TV anchors want you to see and what they don‚Äôt want you to know. Remember journalism is speaking truth to power. Not speaking for the power. Do follow.,rohini_sgh,Pro OPP,pro opposition,ratetvdebate,"[{'text': 'ratetvdebate', 'score': 0.5976}, {'text': 'journalism', 'score': 0.5837}, {'text': 'day', 'score': 0.2862}]"
548475,"Media regulations are useless as they fail to address how people consume and accept news. My take on #MediaTrials @JLFLitfest @RateTVDebate 

Brilliant session with @IBagchiTOI @PushpeshPant @paranjoygt @SanjoyRoyTWA @NamitaGokhale_ https://t.co/MEWASti5Cz",KotaNeelima,Pro OPP,pro opposition,ratetvdebate,"[{'text': 'media', 'score': 0.6506}, {'text': 'jlflitfest', 'score': 0.3396}, {'text': 'useless', 'score': 0.2699}]"
1335830,"A fire burns in every heart ‚Äî how can we settle for darkness !

To the thousands who stood in support with our initiative to #ReformTVNews, gratitude and a #HappyDiwali from the @RateTVDebate teamüôèüèº https://t.co/GHuRHoZjza",KotaNeelima,Pro OPP,pro opposition,ratetvdebate,"[{'text': 'fire', 'score': 0.6679}, {'text': 'reform', 'score': 0.2724}, {'text': 'ratetvdebate', 'score': 0.2337}]"
4204730,"Lol ! That‚Äôs hilarious @RateTVDebate, we all look so deceptively calm üòÑ
#HappySankranti ! 

Great team, great worküôèüèº

Thank you for the success of #RateTheDebateConference
#TeamWorkTeamSpirit
#RateTheDebate #ReformTVNews #HappyMakarSankranti https://t.co/1GjpO4deG7",KotaNeelima,Pro OPP,pro opposition,ratetvdebate,"[{'text': 'hilarious', 'score': 0.4588}, {'text': 'ratetvdebate', 'score': 0.435}, {'text': 'reform', 'score': 0.1583}]"
256257,"Why do TV anchors shout in News Debates? Why do they insult panelists?

‚ñ™Ô∏è1st Report Card: @AMISHDEVGAN 
‚ñ™Ô∏è2nd Report Card: @anjanaomkashyap 
‚ñ™Ô∏è3rd Report Card on another TV anchor on Saturday, Sept 12, 2020 

Who is next? Watch this space !
#RateTheDebate @RateTVDebate https://t.co/9w6ByA6xjJ",KotaNeelima,Pro OPP,pro opposition,ratetvdebate,"[{'text': 'panelists', 'score': 0.5116}, {'text': 'ratetvdebate', 'score': 0.3686}, {'text': 'news', 'score': 0.3536}]"
548757,"What India does not watch !
TV channels ‚Äî please stop saying you produce what viewers want.
The story so far on #TRPSCAMüëáüèº

#RateTheDebate @RateTVDebate #ReformTVNews https://t.co/fxhoADp0dl",KotaNeelima,Pro OPP,pro opposition,ratetvdebate,"[{'text': 'tv', 'score': 0.5314}, {'text': 'india', 'score': 0.3931}, {'text': 'scam', 'score': 0.1882}]"
2733857,"Families of Journalists who died due to #Covid can apply for Govt support with:
‚ñ™Ô∏èProof of work as Journalist
‚ñ™Ô∏èDeath certificate/medical document confirming Covid death
‚ñ™Ô∏èIncome proof of family
At: https://t.co/rxU1FOZ7ch 
For help: DM me or @RateTVDebate/ ‚òéÔ∏è 9761085740 
Stepsüëáüèº https://t.co/gcuhmS7Ywu",KotaNeelima,Pro OPP,pro opposition,ratetvdebate,"[{'text': 'journalists', 'score': 0.5246}, {'text': 'families', 'score': 0.2824}, {'text': 'certificate', 'score': 0.1729}]"
2374484,"How is your mind being made up by TV Debates?

‚ñ™Ô∏èOver 6 Lakh seconds of TV footage analysed
‚ñ™Ô∏è11 channels in Hindi and English
‚ñ™Ô∏èFindings tomorrow 

@RateTVDebate series on #HackingYourMind

Part- 1: #PrimeTimeTracker 
https://t.co/DEzT95eTUJ
https://t.co/IJQ266nUyX https://t.co/hdw879gst6",KotaNeelima,Pro OPP,pro opposition,ratetvdebate,"[{'text': 'debates', 'score': 0.503}, {'text': 'ratetvdebate', 'score': 0.4018}, {'text': 'hacking', 'score': 0.3217}]"
6818594,"Let every dream become a destiny‚Ä¶
 
Happy #GaneshChaturthi #‡§ó‡§£‡•á‡§∂_‡§ö‡§§‡•Å‡§∞‡•ç‡§•‡•Ä
#GaneshChaturthi2022

@IPSDelhi @HakkuInitiative @RateTVDebate @DistressReforms https://t.co/GPE9xOFDpR",KotaNeelima,Pro OPP,pro opposition,ratetvdebate,"[{'text': 'dream', 'score': 0.5868}, {'text': 'distressreforms', 'score': 0.3759}, {'text': 'ratetvdebate', 'score': 0.3323}]"
6757462,"""Who is trying to incite riots in the country?"" Asks Zee News ü§∑üèæ‚Äç‚ôÇÔ∏è
Watch the video to know the Answer.
Is how you moderate TV debates @aditi_tyagi? Well done @sudhirchaudhary, Continue with your Hindu-Muslim debates by calling random Maulanas and Mahants. https://t.co/YKudJAijoT",zoo_bear,Pro OPP,pro opposition,ratetvdebate,"[{'text': 'debates', 'score': 0.4935}, {'text': 'muslim', 'score': 0.4118}, {'text': 'video', 'score': 0.3284}]"
7131998,"Prime Time TV never gave more than 10% time to the steep rise in #FuelPrice in March-April. This was to minimise negative perception about Government. 

Findings from study of over 2,00,000 seconds of footage by @RateTVDebate. My analysis of the numbers for @TheIndiaCable @seemay https://t.co/Q9NSNWwYSt",KotaNeelima,Pro OPP,pro opposition,ratetvdebate,"[{'text': 'ratetvdebate', 'score': 0.4722}, {'text': 'time', 'score': 0.3748}, {'text': 'fuel', 'score': 0.1926}]"
548637,Viewers deserve better than what they get in the name of news. Thank you @BDUTT for an in-depth discussion on #RateTheDebate findings. With @ashutosh83B @MnshaP @RateTVDebate @themojo_in https://t.co/ScsA0vLks8,KotaNeelima,Pro OPP,pro opposition,ratetvdebate,"[{'text': 'ratetvdebate', 'score': 0.6353}, {'text': 'debate', 'score': 0.3473}, {'text': 'themojo_in', 'score': 0.0781}]"
393106,"Guilty verdict in 30 minutes! Media Trial Index by #RateTheDebate

‚ñ™Ô∏è@navikakumar ~ 71% speaking time to those saying #Rhea drugged #SSR. 2% to those who disagreed. 
‚ñ™Ô∏è#ArnabGoswami ~ 62% interruptions of disagreeing panelists.

Report Card @RateTVDebate 
https://t.co/3VDsmabL8x https://t.co/6JDzyBQzWx",KotaNeelima,Pro OPP,pro opposition,ratetvdebate,"[{'text': 'verdict', 'score': 0.5549}, {'text': 'drugged', 'score': 0.4121}, {'text': 'ratetvdebate', 'score': 0.3573}]"
2812294,"Switching off the TV ‚Äî a freedom I hope no Govt takes away from the citizens.

@RateTVDebate #RateTheDebate #ReformTVNews #FarmersProtest https://t.co/oJPqZ3FjPO",KotaNeelima,Pro OPP,pro opposition,ratetvdebate,"[{'text': 'tv', 'score': 0.4862}, {'text': 'protest', 'score': 0.3234}, {'text': 'farmers', 'score': 0.2581}]"
475878,"How are anti-Govt opinions silenced on TV? #RateTheDebate analysed Anchor conduct, interruptions, etc. 
Speaking timeüëáüèº
‚ñ™Ô∏è64% pro-Govt panelists
‚ñ™Ô∏è29% anti-Govt panelists
‚ñ™Ô∏è7% anchor questions

3rd Report Card on @AnchorAnandN by @arshkhurana @PencyS ‚Å¶‚Å¶@RateTVDebate‚Å© https://t.co/EZxiHZcV4F",KotaNeelima,Pro OPP,pro opposition,ratetvdebate,"[{'text': 'ratetvdebate', 'score': 0.4568}, {'text': 'panelists', 'score': 0.4369}, {'text': 'silenced', 'score': 0.4232}]"
2278755,"Underpaid. Unprotected. Unsung.

Families remember #RuralJournalists who died due to #COVID19. #Telangana #Maharashtra 

Institute of Perception Studies Series -Episode 2
@IPSDelhi @RateTVDebate https://t.co/hrz28ONI2W https://t.co/PzCirEbZNY",KotaNeelima,Pro OPP,pro opposition,ratetvdebate,"[{'text': 'journalists', 'score': 0.5661}, {'text': 'underpaid', 'score': 0.4033}, {'text': 'maharashtra', 'score': 0.3323}]"
2450536,"Fake News vs Faith in News !
Riveting conversation with @iamnarendranath @MrinalPande1 @free_thinker @ashutosh83B

#RateTheDebateConference #RateTheDebate @RateTVDebate #ReformTVNews https://t.co/GQ1qrBQ85m",KotaNeelima,Pro OPP,pro opposition,ratetvdebate,"[{'text': 'ratetvdebate', 'score': 0.4702}, {'text': 'news', 'score': 0.4134}, {'text': 'faith', 'score': 0.2063}]"
5385662,"Influencing Perception. Prime Time TV Debates analyses by @RateTVDebate shows:
‚ñ™Ô∏èSubjective Focus
‚ñ™Ô∏èFalse Amplification
‚ñ™Ô∏èPattern Creation
‚ñ™Ô∏èNegative Forecast

And this happens daily‚Ä¶
Why? Who allows it?

Brilliant article by @kunalpurohit @thewire_in @samar11 @IPSDelhi https://t.co/o9RqXd9s8u",KotaNeelima,Pro OPP,pro opposition,ratetvdebate,"[{'text': 'ratetvdebate', 'score': 0.5829}, {'text': 'why', 'score': 0.2625}, {'text': 'thewire_in', 'score': 0.015}]"
6277841,"‡§ï‡•ç‡§Ø‡§æ ‡§Ü‡§Æ ‡§Ü‡§¶‡§Æ‡•Ä ‡§ï‡•Ä ‡§ï‡•ã‡§à ‡§ú‡§ó‡§π ‡§®‡§π‡•Ä‡§Ç ‡§π‡•à ? 
Over 1 lakh seconds of Prime Time TV debates analysed:
‚ñ™Ô∏èLess than 2% on welfare, agri
‚ñ™Ô∏èJust 10% on #Covid
‚ñ™Ô∏è47% on PM security

@RateTVDebate Prime Time Tracker for Jan 6 to Jan 12. (Hindi)
https://t.co/i0ntG4AxNl
https://t.co/jemC6hYV3A https://t.co/8625xFsZdi",KotaNeelima,Pro OPP,pro opposition,ratetvdebate,"[{'text': 'ratetvdebate', 'score': 0.4668}, {'text': 'debates', 'score': 0.4362}, {'text': 'prime', 'score': 0.3516}]"
2724414,"Women in Digital Media.

Join the discussion with @seemay @Abhigyan_AP @sakshijoshii.
At the 2nd #RateTheDebateConference Saturday, March 6, 2021, 1 pm-2 pm.

#MediaMutinies Conference Series
#InternationalWomensDay 

To Register DM to @RateTVDebate or at https://t.co/LP6wVT8YL0 https://t.co/uAxWKZY0JM",KotaNeelima,Pro OPP,pro opposition,ratetvdebate,"[{'text': 'womens', 'score': 0.487}, {'text': 'ratetvdebate', 'score': 0.4266}, {'text': 'conference', 'score': 0.4138}]"
67907,"Landmark Delhi HC order directs #ArnabGoswami - 
‚ñ™Ô∏èNo parallel trials by media
‚ñ™Ô∏èBring down rhetoric
‚ñ™Ô∏èStrictly comply or face consequences

#RateTheDebate welcomes this order! 
Thank you @ShashiTharoor @RateTVDebate
#SunandaPushkarCase https://t.co/n9TfnARemg",KotaNeelima,Pro OPP,pro opposition,ratetvdebate,"[{'text': 'delhi', 'score': 0.5002}, {'text': 'goswami', 'score': 0.4157}, {'text': 'ratetvdebate', 'score': 0.1541}]"
539823,"Pro-Farmer is Anti-Govt?
Yes, on TV debates!

‚ñ™Ô∏è50% speaking time for Pro-Govt views (sample)
‚ñ™Ô∏è65% interruptions of Pro-Farmers views (sample)

üëáüèº#RateTheDebate Anchor Report Card on @DChaurasia2312 by @RateTVDebate #ReformTVNews #FarmersProtests https://t.co/3VDsmabL8x https://t.co/wSyTmb4JFD",KotaNeelima,Pro OPP,pro opposition,ratetvdebate,"[{'text': 'farmers', 'score': 0.4658}, {'text': 'protests', 'score': 0.2717}, {'text': 'ratetvdebate', 'score': 0.2395}]"
2448646,"Women in Media Hierarchy ‚Äî 
Is ‚ÄòEditorship‚Äô Gender-Specific?

With @RamaNewDelhi @Nidhi @NaghmaSahar 

At the 2nd #RateTheDebateConference Saturday, March 6, 2021, 2 pm-3 pm.

#MediaMutinies
#InternationalWomensDay
Register: DM to @RateTVDebate or at https://t.co/ZzmUGJQKbR‚Ä¶ https://t.co/Jr0roeFUCD",KotaNeelima,Pro OPP,pro opposition,ratetvdebate,"[{'text': 'gender', 'score': 0.5317}, {'text': 'editorship', 'score': 0.4571}, {'text': 'ratetvdebate', 'score': 0.3633}]"
7215416,@PencyS @RateTVDebate Thank you üôèüèº,KotaNeelima,Pro OPP,pro opposition,ratetvdebate,"[{'text': 'abbasalirushdi', 'score': 0.6917}, {'text': 'thank', 'score': 0.577}, {'text': 'you', 'score': 0.3697}]"
571962,"Which topic would you select for a TV Debate? Vote &amp; Share 

#RateTVDebate @RateTVDebate",KotaNeelima,Pro OPP,pro opposition,ratetvdebate,"[{'text': 'ratetvdebate', 'score': 0.5379}, {'text': 'debate', 'score': 0.5193}, {'text': 'tv', 'score': 0.4508}]"
4686506,@SpiritOfCongres Diversion. This happens everytime #FarmerProtest is making headlines. @RateTVDebate,KotaNeelima,Pro OPP,pro opposition,ratetvdebate,"[{'text': 'protest', 'score': 0.4762}, {'text': 'farmer', 'score': 0.4369}, {'text': 'ratetvdebate', 'score': 0.3199}]"
2724791,"Real journalists, real issues. Defending democracy looks like this.

#RateTheDebateConference @RateTVDebate #ReformTVNews

Check out YouTube links ‚Äî
Session1: https://t.co/K9lrwfSHHS
Session2: https://t.co/Gf6JVl8cxC
Session3: https://t.co/uoVdJhoNTD

Highlightsüëáüèº https://t.co/3niuuUE5gt",KotaNeelima,Pro OPP,pro opposition,ratetvdebate,"[{'text': 'journalists', 'score': 0.5177}, {'text': 'reform', 'score': 0.3787}, {'text': 'session3', 'score': 0.3111}]"
256146,"Should advertisers promote products on #ToxicTV debates? Should viewers boycott such products?

#StopToxicTV ‚Äî No ads to toxic TV channels! #RateTheDebate #ReformTVNews @RateTVDebate https://t.co/gyTEpwcdwx",KotaNeelima,Pro OPP,pro opposition,ratetvdebate,"[{'text': 'advertisers', 'score': 0.4546}, {'text': 'toxic', 'score': 0.3137}, {'text': 'debates', 'score': 0.3043}]"
539989,"Leaked WhatsApp chats and TV channels ‚Äî a love story !

#RateTheDebate is collecting the ‚Äòevidence‚Äô used in #MediaTrials. Here is a glimpseüëáüèº

#RheaChakraborty #SSR @RateTVDebate https://t.co/HbiThKsCvg",KotaNeelima,Pro OPP,pro opposition,ratetvdebate,"[{'text': 'ratetvdebate', 'score': 0.4412}, {'text': 'whatsapp', 'score': 0.3557}, {'text': 'debate', 'score': 0.3251}]"
5928719,"If media won‚Äôt ask the questions, people will. Those objecting to questioning of @smritiirani, please noteüëáüèº

Less than 5% time was given by 4 channels to #PriceRise in a week. #LPGPriceHike #SmritiIrani @dnetta 

@RateTVDebate #PrimeTimeTracker More: https://t.co/AUVlqjCvw1 https://t.co/giqMSpp8FW https://t.co/wSUfxxuKqG",KotaNeelima,Pro OPP,pro opposition,ratetvdebate,"[{'text': 'ratetvdebate', 'score': 0.51}, {'text': 'rise', 'score': 0.3068}, {'text': 'irani', 'score': 0.2569}]"
571912,"Whose agenda is this? @aajtak &amp; @anjanaomkashyap avg daily viewer impressions 3.12 cr
‚ñ™Ô∏è81% of her Debates on #SSR 

@News18India &amp; @AMISHDEVGAN avg daily viewer impressions 1.97 cr
‚ñ™Ô∏è66% of his debates on communal politics. 

August Data: @BARCIndia/#RateTheDebate @RateTVDebate https://t.co/Q31KeL0MH2",KotaNeelima,Pro OPP,pro opposition,ratetvdebate,"[{'text': 'agenda', 'score': 0.5441}, {'text': 'ratetvdebate', 'score': 0.4445}, {'text': 'anjanaomkashyap', 'score': 0.4406}]"
2450213,"Never knew there would be so many #HappyNewYear2021 wishes for #RateTheDebate #ReformTVNews

Here is why the youth of India love @RateTVDebateüëáüèº

Have a message for us? Pls share at: instituteofperceptionstudies@gmail.com https://t.co/OSY32nef5G",KotaNeelima,Pro OPP,pro opposition,ratetvdebate,"[{'text': '2021', 'score': 0.4891}, {'text': 'ratetvdebate', 'score': 0.3967}, {'text': 'india', 'score': 0.3596}]"
4204907,"A #SimpleWish2021. Let the young of India always have peace, purpose &amp; prosperity. 

#HappyDiwali from Institute of Perception Studies
@RateTVDebate @DistressReforms @HakkuInitiative @IPSDelhi #Diwali 

Channels: 
https://t.co/IHOnL8YVEl

https://t.co/gIBl2GrkbM https://t.co/NWpcMGwYa1",KotaNeelima,Pro OPP,pro opposition,ratetvdebate,"[{'text': 'india', 'score': 0.5441}, {'text': 'wish2021', 'score': 0.4881}, {'text': 'ratetvdebate', 'score': 0.2726}]"
548628,"Can advertisers distance themselves from #ToxicTV debates where they promote products?

Take the #StopToxicTV pledge ‚Äî No ads to toxic TV channels! #RateTheDebate #ReformTVNews @RateTVDebate https://t.co/Y91uMijlcz",KotaNeelima,Pro OPP,pro opposition,ratetvdebate,"[{'text': 'advertisers', 'score': 0.4749}, {'text': 'debates', 'score': 0.3303}, {'text': 'toxic', 'score': 0.3001}]"
2049686,"Over 25,000 seconds analysis of Prime Time Debates on 11 TV channels:

‚ñ™Ô∏èOnly 599 seconds on #COVID19 #ThirdWave
‚ñ™Ô∏èOnly 1817 seconds on #NationalMonetisationPipeline

@RateTVDebate #PrimeTimeTracker Institute of Perception Studies
https://t.co/DEzT95eTUJ
https://t.co/hrz28ONI2W https://t.co/SrNffR1qsO",KotaNeelima,Pro OPP,pro opposition,ratetvdebate,"[{'text': 'ratetvdebate', 'score': 0.5278}, {'text': 'debates', 'score': 0.4037}, {'text': 'wave', 'score': 0.1031}]"
4202887,@Shivashishsen21 @Pawankhera @mukeshtiwariji @ZaidKidwai @yogesh00007 @_SandeepDikshit @PencyS @RateTVDebate @bainjal @saahilmenghani Thank you Shivasish üôèüèº,KotaNeelima,Pro OPP,pro opposition,ratetvdebate,"[{'text': 'mukeshtiwariji', 'score': 0.5311}, {'text': 'ratetvdebate', 'score': 0.4492}, {'text': 'you', 'score': 0.2489}]"
4204203,"Over 253 #JournalistDeaths and counting. 
Brilliant story by @LizPuranam who spoke to me on our research findings for @AJEnglish 

Institute of Perception Studies 
#SaveJournalists #COVID19 
@IPSDelhi @RateTVDebate 

https://t.co/yklInVil0X",KotaNeelima,Pro OPP,pro opposition,ratetvdebate,"[{'text': 'journalists', 'score': 0.6738}, {'text': 'deaths', 'score': 0.5184}, {'text': 'perception', 'score': 0.1763}]"
360813,"TV Anchors‚Äô Quantitative Analysis done by #RateTheDebate studied -

‚ñ™Ô∏èAnchor conduct
‚ñ™Ô∏èCross talk
‚ñ™Ô∏èPanelist speaking time

Report Card on @RubikaLiyaquat shows anchor dominance, though she gives time to dissenting voices.

@RateTVDebate #ReformTVNews 
https://t.co/7uEZZyRPU6 https://t.co/rYOoq5A9Ys",KotaNeelima,Pro OPP,pro opposition,ratetvdebate,"[{'text': 'ratetvdebate', 'score': 0.5852}, {'text': 'rubikaliyaquat', 'score': 0.2867}, {'text': 'cross', 'score': 0.0952}]"
2193373,"How do TV Debates distract you?
‚ñ™Ô∏è18% topics on your health &amp; education
‚ñ™Ô∏è82% topics lead to political fights

#PrimeTimeTracker Analysis of 6 lakh seconds of footage from 11 channels @RateTVDebate 

Part-3: #HackingYourMind series
https://t.co/hrz28ONI2W
https://t.co/JDhMGm0aAB https://t.co/P5lfCNhQmT",KotaNeelima,Pro OPP,pro opposition,ratetvdebate,"[{'text': 'debates', 'score': 0.5563}, {'text': 'ratetvdebate', 'score': 0.4179}, {'text': 'hacking', 'score': 0.2596}]"
4204979,"This has the whole #AvengersEndgame feel to it !
#ArnabGoswami 
#RateTheDebate @RateTVDebate https://t.co/NEdfm8bpvx",KotaNeelima,Pro OPP,pro opposition,ratetvdebate,"[{'text': 'ratetvdebate', 'score': 0.4756}, {'text': 'endgame', 'score': 0.4712}, {'text': 'goswami', 'score': 0.3565}]"
624155,Congratulations @KotaNeelima for your @RateTVDebate that has consistently been highlighting this through facts and objectivity https://t.co/g351rmG5q9,rohini_sgh,Pro OPP,pro opposition,ratetvdebate,"[{'text': 'ratetvdebate', 'score': 0.643}, {'text': 'congratulations', 'score': 0.476}, {'text': 'objectivity', 'score': 0.1832}]"
2735434,"Over a 1000 engagements, 3 different platforms and 11 brilliant speakers. 

On fearless journalism and the #Hathras coverage. Outstanding discussion with @rohini_sgh @hisunil @brajeshlive @PragyaLive 

#RateTheDebateConference #RateTheDebate @RateTVDebate #ReformTVNews https://t.co/KyGzrG9kTg",KotaNeelima,Pro OPP,pro opposition,ratetvdebate,"[{'text': 'journalism', 'score': 0.5833}, {'text': 'rate', 'score': 0.2567}, {'text': 'rohini_sgh', 'score': 0.2079}]"
1937858,"Your words matterüíï

This #ValentinesDay, introducing Anchor Language Analysis or ALA by #RateTheDebate

Report Card of @sudhirchaudhary on #FarmersProtest (sample) ~
‚ñ™Ô∏è‚ÄòKhalistan‚Äô mentioned 37 times
‚ñ™Ô∏è‚ÄôDeshdroh‚Äô mentioned 16 times

@RateTVDebate
https://t.co/3VDsmabL8x https://t.co/cOykuB62S3",KotaNeelima,Pro OPP,pro opposition,ratetvdebate,"[{'text': 'valentines', 'score': 0.4463}, {'text': 'farmers', 'score': 0.3775}, {'text': 'ratetvdebate', 'score': 0.2035}]"
571719,"Thank you @pranavINC ji. ‚ÄòNews is not a business‚Äô, my father used to say. #RateTheDebate team is committed to objectively analysing Indian Media and to find solutions.@RateTVDebate https://t.co/DP33kP0SMq",KotaNeelima,Pro OPP,pro opposition,ratetvdebate,"[{'text': 'media', 'score': 0.515}, {'text': 'indian', 'score': 0.3511}, {'text': 'analysing', 'score': 0.2188}]"
337077,"Join &amp; speak about TV News #JantaKaZoom #RateTheDebate Webinar today Oct 1, 7 pm to 9 pm. Open to all !

@RateTVDebate @SaketGokhale @ShabnamHashmi @Pawankhera @SsatyamevJayte @SudhanshuBJP 
@sakshijoshii‚Äôs YouTube Channel- https://t.co/iXrc3wmY4I‚Ä¶

https://t.co/mafOG81RjU",KotaNeelima,Pro OPP,pro opposition,ratetvdebate,"[{'text': 'tv', 'score': 0.471}, {'text': 'debate', 'score': 0.454}, {'text': 'shabnamhashmi', 'score': 0.24}]"
2734131,"What does it take to tell the truth in India these days? 
#HathrasCase #BadaunHorror 

At the 1st #RateTheDebateConference on January 12, 2021. 1 pm onwards online. #ReformTVNews #RateTheDebate @RateTVDebate https://t.co/H0QIovub7N",KotaNeelima,Pro OPP,pro opposition,ratetvdebate,"[{'text': 'india', 'score': 0.3774}, {'text': 'debate', 'score': 0.3135}, {'text': 'ratetvdebate', 'score': 0.2739}]"
256265,"Do TV anchors divert attention from failures of Government ? After analysing @AMISHDEVGAN last week, #RateTheDebate will release 2nd Report Card on another TV anchor on Saturday, September 5, 2020. 
Watch this space ! 
#RateTVAnchors ‚Å¶@RateTVDebate‚Å© https://t.co/ctk8NNXB5Q",KotaNeelima,Pro OPP,pro opposition,ratetvdebate,"[{'text': 'ratetvdebate', 'score': 0.4937}, {'text': 'government', 'score': 0.2763}, {'text': 'anchor', 'score': 0.259}]"
4807314,@PencyS @RateTVDebate @mukeshtiwariji @ZaidKidwai @BYADAV17 @yogesh00007 @Ashish_AIPC @imkunalroy @KSSanga @aaron_mirza @Shivashishsen21 @Folitically Thank you Kushagra for you kind wishesüôèüèº,KotaNeelima,Pro OPP,pro opposition,ratetvdebate,"[{'text': 'ratetvdebate', 'score': 0.4983}, {'text': 'wishes', 'score': 0.3428}, {'text': 'ashish_aipc', 'score': 0.2776}]"
5550384,"This is the agenda. Communal issues are 76% of Prime Time debates/coverage on mainstream Hindi channels.

@RateTVDebate Prime Time Tracker of 7,737 seconds on June 10, 2022. See RTD Prime Time Trackers: https://t.co/2iLlZl78Sf 

#Nupur_Sharma https://t.co/JsOlXSO2IN",KotaNeelima,Pro OPP,pro opposition,ratetvdebate,"[{'text': 'ratetvdebate', 'score': 0.5136}, {'text': 'time', 'score': 0.4439}, {'text': 'hindi', 'score': 0.3804}]"
2447838,"The chill out version!
Behind the scenes @RateTVDebate

#RateTheDebateConference
#TeamWorkTeamSpirit https://t.co/NTwjtN6HfA",KotaNeelima,Pro OPP,pro opposition,ratetvdebate,"[{'text': 'conference', 'score': 0.5301}, {'text': 'ratetvdebate', 'score': 0.4593}, {'text': 'version', 'score': 0.1944}]"
2724440,"Fact vs Opinion in TV News Debates.
Anchor Language Analysis or #ALA of @sudhirchaudhary shows (sample)~

‚ñ™Ô∏èFact 22.84%
‚ñ™Ô∏èRhetoric 13.67%
‚ñ™Ô∏èOpinion 36.99%

#RateTheDebate Report Cardüëáüèº

@RateTVDebate #ReformTVNews
https://t.co/3VDsmabL8x https://t.co/JNmkXmTdch",KotaNeelima,Pro OPP,pro opposition,ratetvdebate,"[{'text': 'ratetvdebate', 'score': 0.4899}, {'text': 'debates', 'score': 0.4441}, {'text': 'sudhirchaudhary', 'score': 0.2565}]"
2279505,"Words matter. Most used words for farmers in TV debates:

‚ñ™Ô∏èKhalistan
‚ñ™Ô∏èAndolankari
‚ñ™Ô∏èDeshdroh
‚ñ™Ô∏èUrban Naxal

#AnchorLanguageAnalysis

#FarmLaws #FarmLawsRepealed 
@RateTVDebate @IPSDelhi https://t.co/R6z0EQkB8a",KotaNeelima,Pro OPP,pro opposition,ratetvdebate,"[{'text': 'debates', 'score': 0.4816}, {'text': 'farmers', 'score': 0.433}, {'text': 'ratetvdebate', 'score': 0.2556}]"
540672,"Ever checked 983 minutes of one Anchor‚Äôs TV debates ? 

We did at #RateTheDebate ! #FarmersProtests

üëáüèºHere is Anchor Report Card of @anjanaomkashyap by @RateTVDebate #ReformTVNews 
https://t.co/3VDsmabL8x https://t.co/aFhAesDBt1",KotaNeelima,Pro OPP,pro opposition,ratetvdebate,"[{'text': 'debates', 'score': 0.4813}, {'text': 'ratetvdebate', 'score': 0.4058}, {'text': 'farmers', 'score': 0.2872}]"
4811280,"What are TV News viewers shown? And not shown?
@RateTVDebate analysis of Prime Time Debates discussed by the brilliant @sakshijoshii. Do watchüëáüèº
YT- https://t.co/0pvmCcj9Uf
FB- https://t.co/h4EYin7vso

Institute of Perception Studies @IPSDelhi https://t.co/hrz28ONI2W https://t.co/4fqEslbyD2",KotaNeelima,Pro OPP,pro opposition,ratetvdebate,"[{'text': 'viewers', 'score': 0.6065}, {'text': 'sakshijoshii', 'score': 0.2711}, {'text': 'prime', 'score': 0.1392}]"
2279261,"How did #ArnabGoswami conduct TV debates on #PulwamaAttack and #BalakotAirStrike ?

#RateTheDebate revisited the important days and analysed the debate minute-by-minute.
@RateTVDebate Report Cardüëáüèº
#ReformTVNews https://t.co/IzWbxSI1nK",KotaNeelima,Pro OPP,pro opposition,ratetvdebate,"[{'text': 'debates', 'score': 0.486}, {'text': 'airstrike', 'score': 0.3286}, {'text': 'ratetvdebate', 'score': 0.2999}]"
7216562,"How did #Hijab controversy spread through TV debates? 

@RateTVDebate Anchor Language Analysis of @sudhirchaudhary reveals:
‚ñ™Ô∏èSubjective Focus
‚ñ™Ô∏èNegative Amplification
‚ñ™Ô∏èPattern Creation
‚ñ™Ô∏èSpectral Forecast

More research: https://t.co/mVhkDLN8U3
Institute of Perception Studies https://t.co/3DIzYp0TEg",KotaNeelima,Pro OPP,pro opposition,ratetvdebate,"[{'text': 'hijab', 'score': 0.5764}, {'text': 'debates', 'score': 0.4493}, {'text': 'ratetvdebate', 'score': 0.3146}]"
320848,"Media Trial Index by #RateTheDebate. 

‚ñ™Ô∏è Primary indicators help viewers to know a #MediaTrial when they see one.
‚ñ™Ô∏è Secondary indicators study how TV channels conduct #MediaTrials.

#ArnabGoswami @navikakumar #SSR #RheaChakraborty @RateTVDebate https://t.co/7ujEUHLhit",KotaNeelima,Pro OPP,pro opposition,ratetvdebate,"[{'text': 'ratetvdebate', 'score': 0.5507}, {'text': 'trial', 'score': 0.3884}, {'text': 'goswami', 'score': 0.0422}]"
2450175,"‡§µ‡•ã ‡§ñ‡§¨‡§∞ ‡§ú‡•ã TV ‡§™‡§∞ ‡§®‡§π‡•Ä‡§Ç ‡§¶‡§ø‡§ñ‡§§‡•Ä...

For those who ask, why only Punjab and Haryana farmers are protesting ‚Äî
#RateTheDebate tracked #FarmersProtest across Indiaüëáüèº

@RateTVDebate #ReformTVNews https://t.co/k3CAySNLvG",KotaNeelima,Pro OPP,pro opposition,ratetvdebate,"[{'text': 'farmers', 'score': 0.4869}, {'text': 'protesting', 'score': 0.3753}, {'text': 'ratetvdebate', 'score': 0.1099}]"
5897340,"That thin red lineüëáüèº is #AssamFloods coverage on Prime Time TV Debates:

‚ñ™Ô∏è100 people dead
‚ñ™Ô∏è50 lakh people affected
‚ñ™Ô∏è5 TV channels (June 22)
‚ñ™Ô∏èOnly 26 seconds coverage

#PrimeTimeTracker by @RateTVDebate
More: https://t.co/2iLlZkQ5Qf https://t.co/0oHwcE048D",KotaNeelima,Pro OPP,pro opposition,ratetvdebate,"[{'text': 'ratetvdebate', 'score': 0.5025}, {'text': 'floods', 'score': 0.4351}, {'text': 'assam', 'score': 0.3839}]"
2733330,"Truth does not please governments. But then, journalism is not about pleasing those in power.

Free Media is critical in the fight against #COVID19 

#WorldPressFreedomDay #RateTheDebate @RateTVDebate https://t.co/l5ZP2LzXzl",KotaNeelima,Pro OPP,pro opposition,ratetvdebate,"[{'text': 'journalism', 'score': 0.656}, {'text': 'freedom', 'score': 0.3394}, {'text': 'rate', 'score': 0.1977}]"
2403500,"18 days in May have seen 78 #JournalistsDeaths due to #Covid 
So, what does the government support mean for journalists facing risks?

I spoke to @LizPuranam as part of her incisive story for @AJEnglish

Institute of Perception Studies 
#SaveJournalists @IPSDelhi @RateTVDebate https://t.co/zVxap9rAku",KotaNeelima,Pro OPP,pro opposition,ratetvdebate,"[{'text': 'journalists', 'score': 0.5986}, {'text': 'government', 'score': 0.2915}, {'text': 'risks', 'score': 0.2907}]"
360733,"Anchor Dominance... and how the millions of silent viewers of TV News Debates stand no chance. 

@RateTVDebate 2nd Report Cardüëáüèº on @RubikaLiyaquat finds: 
‚ñ™Ô∏è63% Cross Talk (sample)
‚ñ™Ô∏è58% Speaking Time (sample)

#ReformTVNews 
https://t.co/3VDsmabL8x https://t.co/xQhYRTBrMQ",KotaNeelima,Pro OPP,pro opposition,ratetvdebate,"[{'text': 'ratetvdebate', 'score': 0.4902}, {'text': 'silent', 'score': 0.2486}, {'text': 'anchor', 'score': 0.1965}]"
539836,"Thanks for all the inquiries on 2-day delay in Rate The Debate Report Card on TV Anchors. Was busy analysing #GHMCElectionresults #Hyderabad 

üëáüèºHere is @RateTVDebate Report Card on @Zakka_Jacob covering~
‚ñ™Ô∏è34 days
‚ñ™Ô∏è397 minutes
‚ñ™Ô∏è19 topics
#ReformTVNews
https://t.co/3VDsmabL8x https://t.co/bnbB8Kb1aM",KotaNeelima,Pro OPP,pro opposition,ratetvdebate,"[{'text': 'ratetvdebate', 'score': 0.5647}, {'text': 'delay', 'score': 0.4561}, {'text': 'reform', 'score': 0.2445}]"
548322,"Anchor conduct ‚Äî old school journalism! 
@RateTVDebate Report Card on @sardesairajdeep ~ interruptions and arguments during debates (sample):

‚ñ™Ô∏è56% for one opinion
‚ñ™Ô∏è59% for opposing opinion
‚ñ™Ô∏è37% for neutral opinion
https://t.co/3VDsmabL8x https://t.co/qC1aL6Wn6S",KotaNeelima,Pro OPP,pro opposition,ratetvdebate,"[{'text': 'journalism', 'score': 0.5397}, {'text': 'arguments', 'score': 0.3335}, {'text': 'anchor', 'score': 0.2741}]"
256231,"They need #DeepikaPadukone #KanganaRanaut #DiyaMirza 
How else will people forget #FarmersProtest?
‡§ú‡§º‡§∞‡§æ ‡§∏‡•ã‡§ö‡§ø‡§è!
#RateTheDebate @RateTVDebate @deespeak @deepikapadukone https://t.co/9dXDqmlKbB",KotaNeelima,Pro OPP,pro opposition,ratetvdebate,"[{'text': 'farmers', 'score': 0.4097}, {'text': 'protest', 'score': 0.4045}, {'text': 'ratetvdebate', 'score': 0.2497}]"
548120,"Not easy to stand still in the middle of the day !
#MerryChristmas 
#RateTheDebate @RateTVDebate https://t.co/CjJCrveBAO",KotaNeelima,Pro OPP,pro opposition,ratetvdebate,"[{'text': 'christmas', 'score': 0.5175}, {'text': 'ratetvdebate', 'score': 0.4298}, {'text': 'middle', 'score': 0.2653}]"
2393650,"‚ÄòOne half of every person is a woman. Unless every woman is happy, and is free ‚Äî no one is happy, no one is free‚Äô.
#InternationalDayOfHappiness 

üëáüèºAt 2nd #RateTheDebateConference #MediaMutinies @RateTVDebate

https://t.co/vVJzGPQJwb https://t.co/8Es6BwdbIz",KotaNeelima,Pro OPP,pro opposition,ratetvdebate,"[{'text': 'happiness', 'score': 0.488}, {'text': 'debate', 'score': 0.3675}, {'text': 'ratetvdebate', 'score': 0.2123}]"
5540691,"The price we pay. What were TV channels showing the most when #COVID19 Third Wave was round the corner?
Communal issues.

Prime Time Tracker by @RateTVDebate 
Institute of Perception Studies
https://t.co/jemC6hYV3A https://t.co/Yexwd4G9VA",KotaNeelima,Pro OPP,pro opposition,ratetvdebate,"[{'text': 'ratetvdebate', 'score': 0.5429}, {'text': 'wave', 'score': 0.2761}, {'text': 'round', 'score': 0.1677}]"
1949540,"Whose views get priority in TV Debates on #BengalElection2021? 

#RateTheDebate Speaking Time Distribution (in sample):

‚ô¶Ô∏è64% time for BJP + Supporting Panelists
‚ô¶Ô∏è24% time for Trinamool Congress + Supporting Panelists

Preview @navikakumar Anchor Report Card @RateTVDebateüëáüèº https://t.co/fVURpVoyFM",KotaNeelima,Pro OPP,pro opposition,ratetvdebate,"[{'text': 'election', 'score': 0.4704}, {'text': 'trinamool', 'score': 0.0864}, {'text': 'preview', 'score': 0.0852}]"
271996,"2nd #RateTheDebate Twitter Poll @RateTVDebate. Please Vote and Share ‚Äî

TV News Debates do not hold government responsible for any failure because :",KotaNeelima,Pro OPP,pro opposition,ratetvdebate,"[{'text': 'poll', 'score': 0.4938}, {'text': 'ratetvdebate', 'score': 0.488}, {'text': 'failure', 'score': 0.2628}]"
7123808,"Tracking news that is buried. The Thin Red Line research series of @RateTVDebate. 

#AssamFloods #FuelPriceHike #MaharashtraPoliticalCrisis
Click link to be notified of our latest research: https://t.co/JJIEVBAtQ7 https://t.co/eCq44FdHmF",KotaNeelima,Pro OPP,pro opposition,ratetvdebate,"[{'text': 'ratetvdebate', 'score': 0.4732}, {'text': 'maharashtra', 'score': 0.4499}, {'text': 'fuel', 'score': 0.3032}]"
2724407,"Women are shaping Indian journalism like never before. 

Top media-persons will discuss why &amp; what‚Äôs ahead. At 2nd #RateTheDebateConference Saturday, March 6, 1 pm onwards. Online

#MediaMutinies
#InternationalWomensDay
Register: DM to @RateTVDebate or at https://t.co/Sq8X7Ry7ei https://t.co/Ds6OQgIwJP",KotaNeelima,Pro OPP,pro opposition,ratetvdebate,"[{'text': 'journalism', 'score': 0.5169}, {'text': 'womens', 'score': 0.4767}, {'text': 'indian', 'score': 0.3721}]"
3715920,"81 Journalists died in last 30 days. Total Journalist deaths 139 due to #COVID19. 

üëáüèº#RateTheDebate daily data and analysis. More details: https://t.co/UgrbWoQRJb @RateTVDebate

#JournalistDeaths #VaccineForMedia https://t.co/vSZgNs9Jsa",KotaNeelima,Pro OPP,pro opposition,ratetvdebate,"[{'text': 'journalists', 'score': 0.6456}, {'text': 'died', 'score': 0.4267}, {'text': 'vaccine', 'score': 0.2013}]"
2737166,"Which channel spent how much time in favour/against #CasteCensus?

@RateTVDebate analysed over 7,000 seconds for 3 channels‚Äî
‚ñ™Ô∏è2 channels are against
‚ñ™Ô∏èOnly 412 sec of reportage
‚ñ™Ô∏èAnchors dominate debates

#PrimeTimeTracker
Institute of Perception Studies 
https://t.co/hrz28ONI2W https://t.co/d7lOoArvev",KotaNeelima,Pro OPP,pro opposition,ratetvdebate,"[{'text': 'ratetvdebate', 'score': 0.5828}, {'text': 'perception', 'score': 0.1894}, {'text': 'over', 'score': 0.0915}]"
2724534,"In other news...
Announcing the 1st Rate The Debate Conference:
‚ñ™Ô∏è Time: 1 pm-4 pm
‚ñ™Ô∏è Date: Jan 12
‚ñ™Ô∏èTheme: Perception &amp; Democracy-Role of Television Debates
‚ñ™Ô∏èSessions: News neutrality, Fake news, the Hathras coverage

Watch this space!
#RateTheDebateConference @RateTVDebate https://t.co/Z1vRw8RnJ4",KotaNeelima,Pro OPP,pro opposition,ratetvdebate,"[{'text': 'conference', 'score': 0.5266}, {'text': 'ratetvdebate', 'score': 0.3982}, {'text': 'fake', 'score': 0.0393}]"
2737507,"If in journalism bias is inevitable, let it tilt towards the voiceless and marginalised people.

Fabulous sessionüôèüèº @_sabanaqvi @paranjoygt @Priyascorner

#RateTheDebateConference #RateTheDebate @RateTVDebate #ReformTVNews https://t.co/4fct0DFkc9",KotaNeelima,Pro OPP,pro opposition,ratetvdebate,"[{'text': 'journalism', 'score': 0.6136}, {'text': 'marginalised', 'score': 0.4022}, {'text': 'session', 'score': 0.1597}]"
2724170,"Do some TV anchors consider #FarmersProtest ‚Äòlegitimate‚Äô?

Anchor Language Analysis #ALA of sample ~
‚ñ™Ô∏è256 minutes of TV debates
‚ñ™Ô∏è15370 seconds of footage

Findingsüëáüèº#RateTheDebate @RateTVDebate #KisanAndolan 

https://t.co/uacMsC1qoL https://t.co/CrDz0Eg1TH",KotaNeelima,Pro OPP,pro opposition,ratetvdebate,"[{'text': 'ratetvdebate', 'score': 0.4236}, {'text': 'farmers', 'score': 0.3795}, {'text': 'debates', 'score': 0.3778}]"
5512766,"Citizens can be called names, but not the Government? Words used by media for farmers during #FarmersProtest:

‚ñ™Ô∏èKhalistan
‚ñ™Ô∏èDeshdroh
‚ñ™Ô∏èUrban Naxals 
‚ñ™Ô∏èTukde-Tukde
‚ñ™Ô∏èKatputli

üëáüèºReposting from Nov 20, 2021: @RateTVDebate Anchor Language Analysis. #Unparliamentary #bannedwords https://t.co/v1sGxRZFfU",KotaNeelima,Pro OPP,pro opposition,ratetvdebate,"[{'text': 'farmers', 'score': 0.4553}, {'text': 'protest', 'score': 0.3518}, {'text': 'media', 'score': 0.19}]"
4202833,‚ÄòSafe‚Äô journalism. Interesting findings @RateTVDebate https://t.co/JEGE8x7D15,KotaNeelima,Pro OPP,pro opposition,ratetvdebate,"[{'text': 'journalism', 'score': 0.7795}, {'text': 'ratetvdebate', 'score': 0.594}, {'text': 'safe', 'score': 0.4297}]"
5928809,"TV audience in India must be warned against provocative Prime Time debates. Hate on TV is polarising and audience must choose against such media.

My take in an intense discussion on #NupurSharmaControversy on @themojostory with @BDUTT @RateTVDebate https://t.co/iw4qg7Nh5w",KotaNeelima,Pro OPP,pro opposition,ratetvdebate,"[{'text': 'tv', 'score': 0.4635}, {'text': 'india', 'score': 0.3413}, {'text': 'warned', 'score': 0.2312}]"
6817436,"Due to online traffic, I may have missed responding to messages sent on different digital platforms for @RateTVDebate and @HakkuInitiative. 
Kindly call us on 7842611055 or DM on our Twitter handles. #Hyderabad #Delhi https://t.co/f5Ul56Wtrw",KotaNeelima,Pro OPP,pro opposition,ratetvdebate,"[{'text': 'ratetvdebate', 'score': 0.5102}, {'text': '7842611055', 'score': 0.3843}, {'text': 'delhi', 'score': 0.3365}]"
1960813,"How does Media serve the Government?
@RateTVDebate analysed over 33,000 seconds of Prime Time Debates on 11 channels on Aug 18 ‚Äî

‚ñ™Ô∏èNo coverage in 10 channels of #LPGCylinder hike by Rs 25
‚ñ™Ô∏èMain focus on Opposition issues &amp; Taliban
https://t.co/DEzT95eTUJ
https://t.co/IJQ266nUyX https://t.co/M5cslQCIaB",KotaNeelima,Pro OPP,pro opposition,ratetvdebate,"[{'text': 'media', 'score': 0.5984}, {'text': 'cylinder', 'score': 0.0217}, {'text': 'hike', 'score': -0.0101}]"
2448640,"Women reportage of #FarmersProtest.

@TedhiLakeer @PreetiChoudhry @adhicutting with @saahilmenghani

At the 2nd #RateTheDebateConference Saturday, March 6, 2021, 3 pm-4 pm.

#MediaMutinies
#InternationalWomensDay
Register: DM to @RateTVDebate or at https://t.co/Sq8X7RPICS https://t.co/KAi1kUbKGl",KotaNeelima,Pro OPP,pro opposition,ratetvdebate,"[{'text': 'women', 'score': 0.5232}, {'text': 'farmers', 'score': 0.3959}, {'text': 'ratetvdebate', 'score': 0.2905}]"
3719646,@GeorgekurianINC @RateTVDebate Thank you so much for your support always @GeorgekurianINC üôèüèº @RateTVDebate is committed to positive reform of media. Will do our best :),KotaNeelima,Pro OPP,pro opposition,ratetvdebate,"[{'text': 'ratetvdebate', 'score': 0.5963}, {'text': 'georgekurianinc', 'score': 0.3974}, {'text': 'reform', 'score': 0.3525}]"
256190,"Stop advertising on TV channels that spread misinformation, conduct #MediaTrials &amp; ignore real issues.

#RateTheDebate thanks @bajaj_ltd #RajivBajaj &amp; @officialparleg for the first step.

Take the #StopToxicTV pledge ‚Äî No ads to toxic TV channels!#ReformTVNews @RateTVDebate https://t.co/4GsT0T88UH",KotaNeelima,Pro OPP,pro opposition,ratetvdebate,"[{'text': 'media', 'score': 0.4742}, {'text': 'stop', 'score': 0.3766}, {'text': 'toxic', 'score': 0.2397}]"
2724424,"Women decide destiny ‚Äî of nations and of people. But then, who doesn‚Äôt know it :)

The 2nd #RateTheDebateConference March 6, 2021, on ‚ÄòRole of Women and New Journalism.‚Äô Part of #MediaMutinies Conference Series.

Watch this space for details!
#WomensDay @RateTVDebate https://t.co/sMPjAOtGMG",KotaNeelima,Pro OPP,pro opposition,ratetvdebate,"[{'text': 'womens', 'score': 0.4927}, {'text': 'conference', 'score': 0.3578}, {'text': 'ratetvdebate', 'score': 0.2818}]"
169046,"Hours after the hurried cremation of #Hathras rape victim ‚Äî which TV channels were with her...and which were headlining Babri verdict !

‡§â‡§∏ ‡§¶‡§∞‡•ç‡§¶‡§®‡§æ‡§ï ‡§¶‡§ø‡§® ‡§ï‡•ã TV ‡§ï‡•ç‡§Ø‡§æ ‡§¶‡§ø‡§ñ‡§æ ‡§∞‡§π‡§æ ‡§•‡§æ? 
Hathras Report Card by #RateTheDebate @RateTVDebate 
https://t.co/3VDsmabL8x https://t.co/RJrIZXJK0r",KotaNeelima,Pro OPP,pro opposition,ratetvdebate,"[{'text': 'verdict', 'score': 0.4672}, {'text': 'rape', 'score': 0.3736}, {'text': 'channels', 'score': 0.2383}]"
2421621,"About 600 #JournalistDeaths due to #COVID19 in India in 2020-2021.
76% deaths in Non-Metro areas.

Institute of Perception Studies
Downloads at: https://t.co/9SCrGOVYou
@IPSDelhi @RateTVDebate https://t.co/iyYptCCKhR",KotaNeelima,Pro OPP,pro opposition,ratetvdebate,"[{'text': 'journalist', 'score': 0.5248}, {'text': 'deaths', 'score': 0.4701}, {'text': 'india', 'score': 0.3721}]"
3717148,"Is doubt the only protection against #FakeNews ?

At the 1st #RateTheDebateConference on January 12, 2021. 1 pm onwards online. #ReformTVNews #RateTheDebate @RateTVDebate https://t.co/mmfbSpBahL",KotaNeelima,Pro OPP,pro opposition,ratetvdebate,"[{'text': 'ratetvdebate', 'score': 0.4211}, {'text': 'debate', 'score': 0.4195}, {'text': 'fake', 'score': 0.2453}]"
5894955,"TV news debates allocated less than 5% time on #PetrolPriceHike. A @RateTVDebate analysis of 4 sample channels:

‚ñ™Ô∏èPeriod studied: March 19-24
‚ñ™Ô∏èTime analysed: 57, 429 seconds
‚ñ™Ô∏èFuel Price Hike: 2,755 seconds (4.79%)

More on #PrimeTimeTracker: https://t.co/2iLlZl78Sf https://t.co/V9UFMnQUis",KotaNeelima,Pro OPP,pro opposition,ratetvdebate,"[{'text': 'ratetvdebate', 'score': 0.6042}, {'text': 'petrol', 'score': 0.3306}, {'text': 'debates', 'score': 0.2475}]"
2083950,"For the Government
By the Government
Of the Government

Story of our TV Debates on #FarmersProtest

Findings of #RateTheDebate comparative study of coverage in Indian Media vs International Mediaüëáüèº

@RateTVDebate #ReformTVNews
https://t.co/7uEZZyRPU6 https://t.co/y3hNzpttcl",KotaNeelima,Pro OPP,pro opposition,ratetvdebate,"[{'text': 'ratetvdebate', 'score': 0.5378}, {'text': 'debates', 'score': 0.3509}, {'text': 'farmers', 'score': 0.3012}]"
4204191,"‚ÄòTV news channels don‚Äôt address people‚Äôs issues because they don‚Äôt need people‚Äôs support. They survive by other means.‚Äô

My take in a sharp discussion with @BDUTT on communalism in media. @MnshaP @zafarsareshwala @RajatSethi86 @themojostory @RateTVDebate https://t.co/AuWKqethDO",KotaNeelima,Pro OPP,pro opposition,ratetvdebate,"[{'text': 'media', 'score': 0.5723}, {'text': 'survive', 'score': 0.2585}, {'text': 'zafarsareshwala', 'score': 0.191}]"
3723332,"Beginning shortly !
The 1st #RateTheDebateConference.

Join on Zoom:
https://t.co/kJfwDrdT7w?‚Ä¶
Passcode:841694
Live streaming on Facebook
https://t.co/fo0ObtHjLs @RateTVDebate https://t.co/yxRgiuHTfs",KotaNeelima,Pro OPP,pro opposition,ratetvdebate,"[{'text': 'ratetvdebate', 'score': 0.5828}, {'text': 'passcode', 'score': 0.291}, {'text': 'join', 'score': 0.1616}]"
4203147,"For Prime Time TV, Assam police ‚Äòaction‚Äô is not important. @RateTVDebate analysed over 29,000 seconds of footage for 11 channels on Sept 23rd ‚Äî

‚ñ™Ô∏èOver 15000 seconds for PM Modi‚Äôs US visit.
‚ñ™Ô∏èJust 490 seconds for #Assam incident.

https://t.co/DEzT95eTUJ
https://t.co/IJQ266nUyX https://t.co/uKZ7ltX961",KotaNeelima,Pro OPP,pro opposition,ratetvdebate,"[{'text': 'ratetvdebate', 'score': 0.4697}, {'text': 'police', 'score': 0.4311}, {'text': 'assam', 'score': 0.3714}]"
2370921,"Every 2nd #JournalistDeath is of a Rural Journalist.

Institute of Perception Studies begins a conversation series with families and friends of Journalists in Rural India who died due to #Covid. A previewüëáüèº

@IPSDelhi @RateTVDebate #RuralJournalists https://t.co/QFOhkKfZTX",KotaNeelima,Pro OPP,pro opposition,ratetvdebate,"[{'text': 'journalists', 'score': 0.5781}, {'text': 'died', 'score': 0.4713}, {'text': 'india', 'score': 0.3101}]"
2374565,"Perception &amp; Democracy ‚Äî The Role of Television Debates. 
The 1st #RateTheDebateConference tomorrow, Jan 12. A distinguished line-up of speakers will set the agenda for TV news 2021.

Join us on Zoom:
https://t.co/rVtXhXiTei
Passcode:841694
#RateTheDebate @RateTVDebate https://t.co/Hdf1B6QE2w",KotaNeelima,Pro OPP,pro opposition,ratetvdebate,"[{'text': 'debates', 'score': 0.5638}, {'text': 'ratetvdebate', 'score': 0.49}, {'text': 'passcode', 'score': 0.0602}]"
2008185,"News &amp; Neutrality: Is Bias Inevitable?

Join the discussion with @_sabanaqvi @paranjoygt @Priyascorner 
At #RateTheDebateConference on Tuesday, Jan 12, 2021. 1 pm-2pm. 

Options to Register:
Send a DM to @RateTVDebate; or,
Register at https://t.co/jNHi7SkuTD
#RateTheDebate https://t.co/oHOPGrCgs7",KotaNeelima,Pro OPP,pro opposition,ratetvdebate,"[{'text': 'conference', 'score': 0.4708}, {'text': 'ratetvdebate', 'score': 0.4328}, {'text': '2pm', 'score': 0.2452}]"
2734269,"News that cost lives of journalists ‚Äî Election coverage and #Covid reporting from Rural India. #Telangana #Maharashtra

Death of #RuralJournalists ‚Äî The daughters remember. 

Institute of Perception Studies Series -Episode 3 #JournalistDeaths @IPSDelhi @RateTVDebate https://t.co/U7EHvjT4Fo",KotaNeelima,Pro OPP,pro opposition,ratetvdebate,"[{'text': 'journalists', 'score': 0.5702}, {'text': 'india', 'score': 0.359}, {'text': 'election', 'score': 0.2557}]"
110533,"What do some TV anchors discuss the most on Debates?
66% on Communal Politics. 
0% on unemployment, economy, women safety.

Our 1st Report Card on 
‚Å¶@AMISHDEVGAN‚Å© by @arshkhurana of ‚Å¶@RateTVDebate‚Å© 
#RateTheAnchor #RateTheDebate #AmishKaReportCard https://t.co/z1B1j6Dipr",KotaNeelima,Pro OPP,pro opposition,ratetvdebate,"[{'text': 'debates', 'score': 0.5567}, {'text': 'ratetvdebate', 'score': 0.3788}, {'text': 'anchor', 'score': 0.1303}]"
2724929,"4000 seconds and counting...

Anchor Language Analysis #ALA. 
The most elaborate second-by-second study of Indian TV debates and anchors by @RateTVDebate 

Preview of #RateTheDebate Report Card on @RajatSharmaLiveüëáüèº https://t.co/he83KULopE",KotaNeelima,Pro OPP,pro opposition,ratetvdebate,"[{'text': 'ratetvdebate', 'score': 0.57}, {'text': 'indian', 'score': 0.4314}, {'text': 'debates', 'score': 0.3539}]"
571858,I am glad the Supreme Court is taking this up. #RateTheDebate will continue its fact-based study of TV News Debates and Anchor Conduct. Your support makes all the difference @rohini_sgh Thank you :) @RateTVDebate #ReformTVNews https://t.co/4Trgq6gfSa,KotaNeelima,Pro OPP,pro opposition,ratetvdebate,"[{'text': 'debates', 'score': 0.4014}, {'text': 'ratetvdebate', 'score': 0.3368}, {'text': 'rohini_sgh', 'score': 0.1203}]"
256168,"Cross-Talk as a technique for intimidation. #RateTheDebate 2nd Report Card on #ArnabGoswami finds:

‚ñ™Ô∏è 44 min Debate (sample)
‚ñ™Ô∏è 21 min Cross Talk by anchor
‚ñ™Ô∏è 20 min panelists in support,
‚ñ™Ô∏è 0.23 sec for neutral views

Noise is not voice ! @RateTVDebate
https://t.co/3VDsmabL8x https://t.co/yDnm3Dkrqr",KotaNeelima,Pro OPP,pro opposition,ratetvdebate,"[{'text': 'talk', 'score': 0.4631}, {'text': 'goswami', 'score': 0.3533}, {'text': 'ratetvdebate', 'score': 0.3308}]"
571959,"Do TV anchors only push the agenda of Government &amp; ruling party? 
#RateTheDebate will bring a weekly report card on leading TV anchors every Saturday.
Watch this space !
#RateTVAnchors ‚Å¶@RateTVDebate‚Å© https://t.co/UhNMXTEjDB",KotaNeelima,Pro OPP,pro opposition,ratetvdebate,"[{'text': 'ratetvdebate', 'score': 0.4598}, {'text': 'anchors', 'score': 0.2916}, {'text': 'government', 'score': 0.2463}]"
2193876,"77 journalists died in April 2021 due to #COVID19: #RateTheDebate study

‚ñ™Ô∏èTotal journalist deaths due to #Covid is 128 across India. 
‚ñ™Ô∏è#UttarPradesh #Telangana #Maharashtra top the list.

For info / list / support: https://t.co/UgrbWoQRJb @RateTVDebate https://t.co/96xvDubNsp",KotaNeelima,Pro OPP,pro opposition,ratetvdebate,"[{'text': 'journalists', 'score': 0.5439}, {'text': 'died', 'score': 0.3745}, {'text': 'india', 'score': 0.2568}]"
571947,"Who controls media ? 
Why do TV News Debates always support the Govt ‚Äî what‚Äôs the deal ? 

Join us on 2nd #RateTheDebate Twitter Poll ‚Äî Wednesday, Sept 2, 2020.
@RateTVDebate https://t.co/MXMxH8LUOL",KotaNeelima,Pro OPP,pro opposition,ratetvdebate,"[{'text': 'media', 'score': 0.6079}, {'text': 'debates', 'score': 0.4432}, {'text': 'controls', 'score': 0.2198}]"
156548,"What India REALLY wants to watch on TV !
Here are the final results of #RateTheDebate Twitter Poll:
 
~79 % viewers want to focus on ‚ÄòReviving Economy.‚Äô
~7 % want to ‚ÄòAttack Opposition.‚Äô

@RateTVDebate https://t.co/c8aoCi7aDe https://t.co/BOxiaKQ6C0",KotaNeelima,Pro OPP,pro opposition,ratetvdebate,"[{'text': 'tv', 'score': 0.5178}, {'text': 'india', 'score': 0.3431}, {'text': 'rate', 'score': 0.233}]"
2737327,"672 #JournalistDeaths in 2020-2021.
Intensity map with Rural and Urban distribution of deaths.

Institute of Perception Studies
Downloads at: https://t.co/DEzT95eTUJ
https://t.co/hrz28ONI2W
@IPSDelhi @RateTVDebate https://t.co/okVujYYAsJ",KotaNeelima,Pro OPP,pro opposition,ratetvdebate,"[{'text': 'journalist', 'score': 0.5785}, {'text': 'deaths', 'score': 0.5623}, {'text': 'rural', 'score': 0.2682}]"
5637523,"On April 6: How Ukraine War saved TV channels from reporting on #FuelPriceHike for 14th time in 16 days up by Rs 10 per litre. 

@RateTVDebate analysed 10 channels, 25,786 seconds:

‚ñ™Ô∏è40% on Ukraine War
‚ñ™Ô∏è24% on Hindu-Muslim 
‚ñ™Ô∏è21% on Prime Minister

Only:
‚ñ™Ô∏è7% on Price Rise https://t.co/TJZAKV6VxE",KotaNeelima,Pro OPP,pro opposition,ratetvdebate,"[{'text': 'ratetvdebate', 'score': 0.5893}, {'text': 'fuel', 'score': 0.2753}, {'text': 'muslim', 'score': 0.0926}]"
67842,"What is a #MediaTrial ? How can TV viewers choose not to participate in it ? 

#RateTheDebate has developed a Media Trial Index ‚Äî to be unveiled on Oct 6, 2020.
Watch this space !
#ArnabGoswami #RheaChakraborty #SushantAIIMSReport @RateTVDebate https://t.co/4ZEPRKEUJe",KotaNeelima,Pro OPP,pro opposition,ratetvdebate,"[{'text': 'media', 'score': 0.5467}, {'text': 'trial', 'score': 0.493}, {'text': 'goswami', 'score': 0.06}]"
7073729,"Why are TV debate topics divisive &amp; provocative? To set viewer perception even before discussion begins.

@RateTVDebate Topic Language Analysis on #Jahangirpuri #Bulldozer:
‚ñ™Ô∏è25 shows
‚ñ™Ô∏è5 Hindi Channels
‚ñ™Ô∏è5 days

Findings:
‚ñ™Ô∏è74% Rhetoric
‚ñ™Ô∏è48% Negative Amplifier
‚ñ™Ô∏è26% Reportage https://t.co/xRwNZdvYLt",KotaNeelima,Pro OPP,pro opposition,ratetvdebate,"[{'text': 'debate', 'score': 0.4696}, {'text': 'ratetvdebate', 'score': 0.3996}, {'text': 'bulldozer', 'score': 0.0871}]"
7215449,"Media needs a freedom movement. #PressFreedom

Forced to minimise negative perception about the Government, media is losing credibility.

On injurious impact of a blind media, brilliant analysis by @seemay in @epw_in with data on inflation coverage from @RateTVDebate @IPSDelhi https://t.co/gbdkEbsaDB",KotaNeelima,Pro OPP,pro opposition,ratetvdebate,"[{'text': 'media', 'score': 0.6315}, {'text': 'inflation', 'score': 0.2846}, {'text': 'blind', 'score': 0.2303}]"
571854,"Citizens moving courts against TV News Debates!! 
Are TV channels getting the message?
Do not misuse TRP numbers ‚Äî viewers deserve better

#RateTheDebate stands with the petitioners and any initiative to #ReformTVNews

#SudarshanNews #MediaTrials #JusticeChandrachud
@RateTVDebate https://t.co/cEt5dKXD1o",KotaNeelima,Pro OPP,pro opposition,ratetvdebate,"[{'text': 'ratetvdebate', 'score': 0.4578}, {'text': 'debates', 'score': 0.349}, {'text': 'deserve', 'score': 0.1617}]"
4202221,"Do TV channels value reporters and ground reportage?

@RateTVDebate measured Reportage vs Personal Opinion for Prime Time TV Debates. #ContentAnalysis findings:

‚ñ™Ô∏è55% Opinion/Comment/Rehtoric
‚ñ™Ô∏è22% Reportage

https://t.co/xtL4ZLdvtm
More at: https://t.co/9T26eJQYni https://t.co/ejPCs0BbdU",KotaNeelima,Pro OPP,pro opposition,ratetvdebate,"[{'text': 'ratetvdebate', 'score': 0.6118}, {'text': 'debates', 'score': 0.2559}, {'text': 'value', 'score': 0.127}]"
5540253,"That Thin Red Lineüëáüèºis Prime Time TV coverage as #RupeeFalls to a historic low.

@RateTVDebate analysis of 18,000+ seconds of top channels:
‚ñ™Ô∏è37% #PFIRaids
‚ñ™Ô∏è30% Madrasa/Religious Properties
‚ñ™Ô∏è14% Cong-BJP
‚ñ™Ô∏è0.6% #RupeeVsDollar 

More: https://t.co/2iLlZkQ5Qf #PrimeTimeTracker https://t.co/EOTLoRKmRr",KotaNeelima,Pro OPP,pro opposition,ratetvdebate,"[{'text': 'ratetvdebate', 'score': 0.6674}, {'text': 'raids', 'score': 0.1476}, {'text': 'religious', 'score': 0.0255}]"
2291333,"On average, one Journalist died every day in April 2021 due to #COVID19: Research by #RateTheDebate

64 journalists died in one year, 31 in just 4 months of 2021 ‚Äî List of namesüëáüèº

Most deaths in #UttarPradesh #Telangana ‚Äî Research findingsüëáüèº

Info: @RateTVDebate #VaccineForMedia https://t.co/KqFwmRDDAt",KotaNeelima,Pro OPP,pro opposition,ratetvdebate,"[{'text': 'journalists', 'score': 0.5598}, {'text': 'died', 'score': 0.4109}, {'text': '2021', 'score': 0.324}]"
539900,"Prime Time TV Debates are like primitive sports ‚Äî no rules, no fairplay ‚Äî and it‚Äôs already decided who will win !

@RateTVDebate Anchor Report Card on ‚Å¶@rahulkanwal‚Å©
https://t.co/Za1Y62qOAr #ReformTVNews https://t.co/EZarPK44dw",KotaNeelima,Pro OPP,pro opposition,ratetvdebate,"[{'text': 'debates', 'score': 0.4715}, {'text': 'ratetvdebate', 'score': 0.3237}, {'text': 'anchor', 'score': 0.0513}]"
475767,"‚ÄòThe aim of journalism is to serve the people.‚Äô #RateTheDebate pays tribute this week to #MahatmaGandhi in the run up to Oct 2. 
Join us: 
Oct 1 #JantaKaZoom webinar. 
Oct 2 #GandhiJayanti video storm.
@RateTVDebate https://t.co/cXFHRpLfeW",KotaNeelima,Pro OPP,pro opposition,ratetvdebate,"[{'text': 'journalism', 'score': 0.5912}, {'text': 'serve', 'score': 0.259}, {'text': 'zoom', 'score': 0.1572}]"
2724825,"Did you know you are more interested in news on Afghanistan than your own health, your job and your budget?

@RateTVDebate findings on 11 TV channels. #PrimeTimeTracker 

Part-2: #HackingYourMind series.
https://t.co/9SCrGOVYou
https://t.co/hrz28ONI2W

https://t.co/e8imCHZlHc https://t.co/B2nzs7iN3G",KotaNeelima,Pro OPP,pro opposition,ratetvdebate,"[{'text': 'afghanistan', 'score': 0.4732}, {'text': 'ratetvdebate', 'score': 0.3927}, {'text': 'news', 'score': 0.3795}]"
2044427,"81 journalists died due to #Covid in April 2021.

An appeal to all political parties. 
Please support:
‚ñ™Ô∏èJournalists as Frontline Warriors 
‚ñ™Ô∏è#VaccineForMedia
‚ñ™Ô∏èSupport for media families

#PressFreedomDay #RateTheDebate @RateTVDebate https://t.co/xbvMjyRsSM https://t.co/ZN2rkQR91g",KotaNeelima,Pro OPP,pro opposition,ratetvdebate,"[{'text': 'journalists', 'score': 0.6207}, {'text': '2021', 'score': 0.3447}, {'text': 'died', 'score': 0.334}]"
